{"cameraMode":{"drawMode":0,"name":"Shaded","section":"Shading Mode"},"sceneLighting":false,"audioPlay":false,"sceneViewState":{"m_AlwaysRefresh":false,"showFog":true,"showSkybox":false,"showFlares":true,"showImageEffects":true,"showParticleSystems":true,"showVisualEffectGraphs":true,"m_FxEnabled":true},"in2DMode":false,"pivot":{"x":0.000004947185516357422,"y":1.7158751487731934,"z":-1.5325028896331788},"rotation":{"x":0.26217517256736758,"y":0.2291833609342575,"z":-0.06422515958547592,"w":0.9352341294288635},"size":2.454463243484497,"orthographic":false}